{
  "magnet_length_cm": 15.3,
  "magnet_h_cm": 1.3,
  "magnet_h_px": 46.0,
  "px_per_cm": 35.38461538461539,
  "half_len_px": 270.69230769230774,
  "q_m": 73274.325443787,
  "pole_N_side": "left",
  "angle_convention": "angle_from_mask: (atan2(dy,dx)-90)%360",
  "field_map_file": "field_map.json",
  "map_rmse_deg": 3.4674750502408584,
  "dipole_rmse_median_deg": 49.458959905637485,
  "n_photos": 89,
  "n_vectors": 7088
}